Pattern Size, Text File, Time Taken (ms)
10, text1.txt, 0
20, text1.txt, 0
30, text1.txt, 0
40, text1.txt, 0
50, text1.txt, 1
60, text1.txt, 0
70, text1.txt, 0
80, text1.txt, 1
90, text1.txt, 0
100, text1.txt, 1
10, text2.txt, 1
20, text2.txt, 0
30, text2.txt, 0
40, text2.txt, 1
50, text2.txt, 0
60, text2.txt, 0
70, text2.txt, 0
80, text2.txt, 0
90, text2.txt, 0
100, text2.txt, 1
10, text3.txt, 1
20, text3.txt, 1
30, text3.txt, 1
40, text3.txt, 0
50, text3.txt, 1
60, text3.txt, 1
70, text3.txt, 1
80, text3.txt, 0
90, text3.txt, 1
100, text3.txt, 1
10, text4.txt, 1
20, text4.txt, 2
30, text4.txt, 1
40, text4.txt, 2
50, text4.txt, 0
60, text4.txt, 0
70, text4.txt, 2
80, text4.txt, 2
90, text4.txt, 2
100, text4.txt, 1
10, text5.txt, 1
20, text5.txt, 1
30, text5.txt, 2
40, text5.txt, 2
50, text5.txt, 1
60, text5.txt, 0
70, text5.txt, 1
80, text5.txt, 3
90, text5.txt, 1
100, text5.txt, 2
10, text6.txt, 2
20, text6.txt, 3
30, text6.txt, 1
40, text6.txt, 2
50, text6.txt, 2
60, text6.txt, 2
70, text6.txt, 1
80, text6.txt, 1
90, text6.txt, 2
100, text6.txt, 2
10, text7.txt, 1
20, text7.txt, 3
30, text7.txt, 2
40, text7.txt, 3
50, text7.txt, 2
60, text7.txt, 2
70, text7.txt, 2
80, text7.txt, 2
90, text7.txt, 1
100, text7.txt, 2
10, text8.txt, 2
20, text8.txt, 2
30, text8.txt, 4
40, text8.txt, 3
50, text8.txt, 3
60, text8.txt, 3
70, text8.txt, 2
80, text8.txt, 2
90, text8.txt, 4
100, text8.txt, 3
10, text9.txt, 2
20, text9.txt, 3
30, text9.txt, 3
40, text9.txt, 3
50, text9.txt, 3
60, text9.txt, 3
70, text9.txt, 3
80, text9.txt, 2
90, text9.txt, 3
100, text9.txt, 2
10, text10.txt, 4
20, text10.txt, 3
30, text10.txt, 2
40, text10.txt, 4
50, text10.txt, 3
60, text10.txt, 3
70, text10.txt, 4
80, text10.txt, 2
90, text10.txt, 3
100, text10.txt, 2
